id;title;content;creation_date;user;many_to_one_id
1;Saint Helena Pound mesh;EXE Tasty Rubber Chips;2020-03-30;world-class Steel;1
2;Buckinghamshire;help-desk 24/7 transform;2020-03-30;next-generation magenta;2
3;orchid New York;Isle;2020-03-29;Markets Kroon Dominica;1
4;Designer bypassing;Common compress backing up;2020-03-30;payment Up-sized;1
5;exploit collaborative Home Loan Account;Chair;2020-03-30;Vista microchip Personal Loan Account;2
6;partnerships;Awesome Checking Account;2020-03-30;Chicken;2
7;navigate Soft;Ergonomic Cotton Computer solutions;2020-03-29;withdrawal XSS;1
8;Buckinghamshire Money Market Account Home;synthesize;2020-03-30;Fundamental Keys Producer;2
9;synthesize withdrawal;matrix;2020-03-30;engineer SQL;2
10;Georgia Rhode Island stable;Beauty Gateway;2020-03-30;Metal deposit;2
